Abu Hafs al-Masri Brigades,Abu Hafs al-Masri Brigades,0.014088370565403803
Abu Hafs al-Masri Brigades,Al Zawahiri Loyalists,0.014912495429603973
Abu Hafs al-Masri Brigades,Takfir wal-Hijra (Excommunication and Exodus),0.017099364106361245
Abu Hafs al-Masri Brigades,Liberals of Galilee,0.01567378285848715
Abu Hafs al-Masri Brigades,Ansar al-Islam,0.018537798380016558
Abu Hafs al-Masri Brigades,AQI,0.0181584504020096
Abu Hafs al-Masri Brigades,Ansar al-Jihad,0.015827638370007596
Abu Hafs al-Masri Brigades,Brigades of Iman Hassan-al-Basri,0.015111478712643955
Abu Hafs al-Masri Brigades,Protectors of Islam Brigade,0.013234637788402635
Abu Hafs al-Masri Brigades,Mujahedeen Group,0.015404103619027311
Abu Hafs al-Masri Brigades,Ansar al-Sunna,0.021361410538942922
Abu Hafs al-Masri Brigades,Islamic Jihad Brigades,0.01384742718187059
Abu Hafs al-Masri Brigades,Islamic Movement of Iraqi Mujahidin,0.017582553793724517
Abu Hafs al-Masri Brigades,Mahdi Army,0.01834288133936425
Abu Hafs al-Masri Brigades,1920 Revolution Brigades,0.018462990971483025
Abu Hafs al-Masri Brigades,Omar Bin Khattab Group,0.01713103115475355
Abu Hafs al-Masri Brigades,Mujahedeen Brigades,0.015148594273980449
Abu Hafs al-Masri Brigades,Mujahedeen Shura Council,0.01397299571437103
Abu Hafs al-Masri Brigades,Junaid Jihadist Battalion,0.016732890692988237
Abu Hafs al-Masri Brigades,Jaish al-Ta'ifa al-Mansura,0.015076815984642928
Abu Hafs al-Masri Brigades,Mujahedeen Army,0.017919219631351888
Abu Hafs al-Masri Brigades,Islamic Army in Iraq (al-Jaish al-Islami fi al-Iraq),0.012178793015608244
Abu Hafs al-Masri Brigades,Ansar al-Din,0.01576879401562017
Abu Hafs al-Masri Brigades,Holders of the Black Banners,0.018585311759672114
Abu Hafs al-Masri Brigades,Mujahedeen Corps in Iraq,0.016225334676369753
Abu Hafs al-Masri Brigades,Supreme Council for Islamic Revolution in Iraq (SCIRI),0.018307809584153834
Abu Hafs al-Masri Brigades,Armed Vanguards of a Second Mohammed Army,0.014897739672444362
Abu Hafs al-Masri Brigades,Imam Hussein Brigade,0.017315201313162578
Abu Hafs al-Masri Brigades,Khalid ibn Walid Brigade,0.01578540692394521
Abu Hafs al-Masri Brigades,Badr Brigades,0.015154611673082387
Al Zawahiri Loyalists,Al Zawahiri Loyalists,0.014506620690491714
Al Zawahiri Loyalists,Takfir wal-Hijra (Excommunication and Exodus),0.016262765813174315
Al Zawahiri Loyalists,Liberals of Galilee,0.015618791905568018
Al Zawahiri Loyalists,Ansar al-Islam,0.014411504255998821
Al Zawahiri Loyalists,AQI,0.0005759771151636968
Al Zawahiri Loyalists,Ansar al-Jihad,0.013934887875865304
Al Zawahiri Loyalists,Brigades of Iman Hassan-al-Basri,0.01686318644819696
Al Zawahiri Loyalists,Protectors of Islam Brigade,0.014451204415100845
Al Zawahiri Loyalists,Mujahedeen Group,0.01747630271676071
Al Zawahiri Loyalists,Ansar al-Sunna,0.004575751703630297
Al Zawahiri Loyalists,Islamic Jihad Brigades,0.01596053375583824
Al Zawahiri Loyalists,Islamic Movement of Iraqi Mujahidin,0.016287535204054363
Al Zawahiri Loyalists,Mahdi Army,0.01718642316291955
Al Zawahiri Loyalists,1920 Revolution Brigades,0.016140479218410195
Al Zawahiri Loyalists,Omar Bin Khattab Group,0.01517925993354515
Al Zawahiri Loyalists,Mujahedeen Brigades,0.012979124319373767
Al Zawahiri Loyalists,Mujahedeen Shura Council,0.013122660161049161
Al Zawahiri Loyalists,Junaid Jihadist Battalion,0.01407943142783309
Al Zawahiri Loyalists,Jaish al-Ta'ifa al-Mansura,0.015168584106460912
Al Zawahiri Loyalists,Mujahedeen Army,0.015066857346023702
Al Zawahiri Loyalists,Islamic Army in Iraq (al-Jaish al-Islami fi al-Iraq),0.010603920786342131
Al Zawahiri Loyalists,Ansar al-Din,0.017453620150787566
Al Zawahiri Loyalists,Holders of the Black Banners,0.01409159181984889
Al Zawahiri Loyalists,Mujahedeen Corps in Iraq,0.013308025216577516
Al Zawahiri Loyalists,Supreme Council for Islamic Revolution in Iraq (SCIRI),0.017184256110632616
Al Zawahiri Loyalists,Armed Vanguards of a Second Mohammed Army,0.01780908292692727
Al Zawahiri Loyalists,Imam Hussein Brigade,0.011858277152982459
Al Zawahiri Loyalists,Khalid ibn Walid Brigade,0.013005937259707117
Al Zawahiri Loyalists,Badr Brigades,0.015638084560204376
Takfir wal-Hijra (Excommunication and Exodus),Takfir wal-Hijra (Excommunication and Exodus),0.015308233559834607
Takfir wal-Hijra (Excommunication and Exodus),Liberals of Galilee,0.015190534507604735
Takfir wal-Hijra (Excommunication and Exodus),Ansar al-Islam,0.012735411217026893
Takfir wal-Hijra (Excommunication and Exodus),AQI,0.0003780327040897833
Takfir wal-Hijra (Excommunication and Exodus),Ansar al-Jihad,0.014802083194312397
Takfir wal-Hijra (Excommunication and Exodus),Brigades of Iman Hassan-al-Basri,0.013030299162781664
Takfir wal-Hijra (Excommunication and Exodus),Protectors of Islam Brigade,0.014339808803958382
Takfir wal-Hijra (Excommunication and Exodus),Mujahedeen Group,0.019341826922554026
Takfir wal-Hijra (Excommunication and Exodus),Ansar al-Sunna,0.007112728726041118
Takfir wal-Hijra (Excommunication and Exodus),Islamic Jihad Brigades,0.013780857341774358
Takfir wal-Hijra (Excommunication and Exodus),Islamic Movement of Iraqi Mujahidin,0.015447986482931799
Takfir wal-Hijra (Excommunication and Exodus),Mahdi Army,0.01623975900585831
Takfir wal-Hijra (Excommunication and Exodus),1920 Revolution Brigades,0.01583650364034856
Takfir wal-Hijra (Excommunication and Exodus),Omar Bin Khattab Group,0.015739249355240303
Takfir wal-Hijra (Excommunication and Exodus),Mujahedeen Brigades,0.01677356440194045
Takfir wal-Hijra (Excommunication and Exodus),Mujahedeen Shura Council,0.01648814090356458
Takfir wal-Hijra (Excommunication and Exodus),Junaid Jihadist Battalion,0.015135968462504003
Takfir wal-Hijra (Excommunication and Exodus),Jaish al-Ta'ifa al-Mansura,0.01536027421837163
Takfir wal-Hijra (Excommunication and Exodus),Mujahedeen Army,0.015801420023735385
Takfir wal-Hijra (Excommunication and Exodus),Islamic Army in Iraq (al-Jaish al-Islami fi al-Iraq),0.013645900115052165
Takfir wal-Hijra (Excommunication and Exodus),Ansar al-Din,0.015762888527714417
Takfir wal-Hijra (Excommunication and Exodus),Holders of the Black Banners,0.017269499864290314
Takfir wal-Hijra (Excommunication and Exodus),Mujahedeen Corps in Iraq,0.018663660366708835
Takfir wal-Hijra (Excommunication and Exodus),Supreme Council for Islamic Revolution in Iraq (SCIRI),0.015549320218030979
Takfir wal-Hijra (Excommunication and Exodus),Armed Vanguards of a Second Mohammed Army,0.016722334354885075
Takfir wal-Hijra (Excommunication and Exodus),Imam Hussein Brigade,0.01446832102848888
Takfir wal-Hijra (Excommunication and Exodus),Khalid ibn Walid Brigade,0.019973366863590428
Takfir wal-Hijra (Excommunication and Exodus),Badr Brigades,0.014128694107367208
Liberals of Galilee,Liberals of Galilee,0.015669377271642384
Liberals of Galilee,Ansar al-Islam,0.013346754855711903
Liberals of Galilee,AQI,0.017871863859577928
Liberals of Galilee,Ansar al-Jihad,0.0159699082122
Liberals of Galilee,Brigades of Iman Hassan-al-Basri,0.0186702574802255
Liberals of Galilee,Protectors of Islam Brigade,0.014034969516857173
Liberals of Galilee,Mujahedeen Group,0.014576425626602761
Liberals of Galilee,Ansar al-Sunna,0.013220913102654563
Liberals of Galilee,Islamic Jihad Brigades,0.013212217410344713
Liberals of Galilee,Islamic Movement of Iraqi Mujahidin,0.014292647615151212
Liberals of Galilee,Mahdi Army,0.017415554871773407
Liberals of Galilee,1920 Revolution Brigades,0.016258385739316157
Liberals of Galilee,Omar Bin Khattab Group,0.015594017082442322
Liberals of Galilee,Mujahedeen Brigades,0.012885876586644723
Liberals of Galilee,Mujahedeen Shura Council,0.014096121920740914
Liberals of Galilee,Junaid Jihadist Battalion,0.014390657077389494
Liberals of Galilee,Jaish al-Ta'ifa al-Mansura,0.01646228035774875
Liberals of Galilee,Mujahedeen Army,0.017147091933537473
Liberals of Galilee,Islamic Army in Iraq (al-Jaish al-Islami fi al-Iraq),0.01371008362821982
Liberals of Galilee,Ansar al-Din,0.01512377649539998
Liberals of Galilee,Holders of the Black Banners,0.012740447493826003
Liberals of Galilee,Mujahedeen Corps in Iraq,0.017258913748162998
Liberals of Galilee,Supreme Council for Islamic Revolution in Iraq (SCIRI),0.01336317297840623
Liberals of Galilee,Armed Vanguards of a Second Mohammed Army,0.014091488753590762
Liberals of Galilee,Imam Hussein Brigade,0.013981944879355168
Liberals of Galilee,Khalid ibn Walid Brigade,0.016493612571688007
Liberals of Galilee,Badr Brigades,0.01525930458199838
Ansar al-Islam,Ansar al-Islam,0.012640373682115992
Ansar al-Islam,AQI,0.0003010717633281274
Ansar al-Islam,Ansar al-Jihad,0.015189786933077135
Ansar al-Islam,Brigades of Iman Hassan-al-Basri,0.013510790249006036
Ansar al-Islam,Protectors of Islam Brigade,0.01457086333851779
Ansar al-Islam,Mujahedeen Group,0.01586608463824008
Ansar al-Islam,Ansar al-Sunna,0.004606651630383087
Ansar al-Islam,Islamic Jihad Brigades,0.015884738266532212
Ansar al-Islam,Islamic Movement of Iraqi Mujahidin,0.01587779885890085
Ansar al-Islam,Mahdi Army,0.013743583744463623
Ansar al-Islam,1920 Revolution Brigades,0.014428472394907422
Ansar al-Islam,Omar Bin Khattab Group,0.017723607152540788
Ansar al-Islam,Mujahedeen Brigades,0.015330253542464093
Ansar al-Islam,Mujahedeen Shura Council,0.012537649432105839
Ansar al-Islam,Junaid Jihadist Battalion,0.016849539286571895
Ansar al-Islam,Jaish al-Ta'ifa al-Mansura,0.012456714012643045
Ansar al-Islam,Mujahedeen Army,0.014603880866901259
Ansar al-Islam,Islamic Army in Iraq (al-Jaish al-Islami fi al-Iraq),0.01087423323868685
Ansar al-Islam,Ansar al-Din,0.015270804420410459
Ansar al-Islam,Holders of the Black Banners,0.013240790266776832
Ansar al-Islam,Mujahedeen Corps in Iraq,0.018106232798244793
Ansar al-Islam,Supreme Council for Islamic Revolution in Iraq (SCIRI),0.014608444460842942
Ansar al-Islam,Armed Vanguards of a Second Mohammed Army,0.017935531998448263
Ansar al-Islam,Imam Hussein Brigade,0.012438593879561555
Ansar al-Islam,Khalid ibn Walid Brigade,0.015643801814108065
Ansar al-Islam,Badr Brigades,0.012300060097369187
AQI,AQI,0.0005693789516670891
AQI,Ansar al-Jihad,0.017822419694557726
AQI,Brigades of Iman Hassan-al-Basri,0.013943199772549299
AQI,Protectors of Islam Brigade,0.00022700926624017752
AQI,Mujahedeen Group,0.014729530515175964
AQI,Ansar al-Sunna,0.006351625810738569
AQI,Islamic Jihad Brigades,0.017040065155372177
AQI,Islamic Movement of Iraqi Mujahidin,0.017351437092564728
AQI,Mahdi Army,0.014993663759483649
AQI,1920 Revolution Brigades,0.015953571441299327
AQI,Omar Bin Khattab Group,0.8446176037464004
AQI,Mujahedeen Brigades,0.00021335371814769577
AQI,Mujahedeen Shura Council,0.00044481575685583364
AQI,Junaid Jihadist Battalion,0.002521182165870922
AQI,Jaish al-Ta'ifa al-Mansura,0.0006002916142231664
AQI,Mujahedeen Army,0.019907388556108456
AQI,Islamic Army in Iraq (al-Jaish al-Islami fi al-Iraq),0.012626481621175752
AQI,Ansar al-Din,0.017114058837717074
AQI,Holders of the Black Banners,0.016582878873865586
AQI,Mujahedeen Corps in Iraq,0.0016266157113788281
AQI,Supreme Council for Islamic Revolution in Iraq (SCIRI),0.001017462851633985
AQI,Armed Vanguards of a Second Mohammed Army,0.015865286101478845
AQI,Imam Hussein Brigade,0.0003753890001632779
AQI,Khalid ibn Walid Brigade,0.0005880356115849343
AQI,Badr Brigades,0.11385498755309406
Ansar al-Jihad,Ansar al-Jihad,0.01750912191853976
Ansar al-Jihad,Brigades of Iman Hassan-al-Basri,0.016744926416477218
Ansar al-Jihad,Protectors of Islam Brigade,0.015133062370232372
Ansar al-Jihad,Mujahedeen Group,0.017866628444973658
Ansar al-Jihad,Ansar al-Sunna,0.0071920328682804945
Ansar al-Jihad,Islamic Jihad Brigades,0.016997923182249977
Ansar al-Jihad,Islamic Movement of Iraqi Mujahidin,0.015336927928625392
Ansar al-Jihad,Mahdi Army,0.01412911782904362
Ansar al-Jihad,1920 Revolution Brigades,0.013880794809997175
Ansar al-Jihad,Omar Bin Khattab Group,0.014501245854071951
Ansar al-Jihad,Mujahedeen Brigades,0.011352336794868008
Ansar al-Jihad,Mujahedeen Shura Council,0.014157583647363001
Ansar al-Jihad,Junaid Jihadist Battalion,0.016792283358178037
Ansar al-Jihad,Jaish al-Ta'ifa al-Mansura,0.016716221460835692
Ansar al-Jihad,Mujahedeen Army,0.015503444356089866
Ansar al-Jihad,Islamic Army in Iraq (al-Jaish al-Islami fi al-Iraq),0.013616110388542218
Ansar al-Jihad,Ansar al-Din,0.01482394365577473
Ansar al-Jihad,Holders of the Black Banners,0.017465741073687965
Ansar al-Jihad,Mujahedeen Corps in Iraq,0.01679648454279664
Ansar al-Jihad,Supreme Council for Islamic Revolution in Iraq (SCIRI),0.012531650449933268
Ansar al-Jihad,Armed Vanguards of a Second Mohammed Army,0.01687104295811538
Ansar al-Jihad,Imam Hussein Brigade,0.012557716429534512
Ansar al-Jihad,Khalid ibn Walid Brigade,0.019646050397103928
Ansar al-Jihad,Badr Brigades,0.015681443687781585
Brigades of Iman Hassan-al-Basri,Brigades of Iman Hassan-al-Basri,0.018882948622991766
Brigades of Iman Hassan-al-Basri,Protectors of Islam Brigade,0.013587511671830362
Brigades of Iman Hassan-al-Basri,Mujahedeen Group,0.015061339208079307
Brigades of Iman Hassan-al-Basri,Ansar al-Sunna,0.00837329599874062
Brigades of Iman Hassan-al-Basri,Islamic Jihad Brigades,0.016666469697515653
Brigades of Iman Hassan-al-Basri,Islamic Movement of Iraqi Mujahidin,0.016731801258118927
Brigades of Iman Hassan-al-Basri,Mahdi Army,0.01805266480446064
Brigades of Iman Hassan-al-Basri,1920 Revolution Brigades,0.01880861221154305
Brigades of Iman Hassan-al-Basri,Omar Bin Khattab Group,0.01469138627595118
Brigades of Iman Hassan-al-Basri,Mujahedeen Brigades,0.013602200811667577
Brigades of Iman Hassan-al-Basri,Mujahedeen Shura Council,0.01494412240399081
Brigades of Iman Hassan-al-Basri,Junaid Jihadist Battalion,0.0164926223952462
Brigades of Iman Hassan-al-Basri,Jaish al-Ta'ifa al-Mansura,0.013815739802593013
Brigades of Iman Hassan-al-Basri,Mujahedeen Army,0.01563210143874059
Brigades of Iman Hassan-al-Basri,Islamic Army in Iraq (al-Jaish al-Islami fi al-Iraq),0.014586354759548385
Brigades of Iman Hassan-al-Basri,Ansar al-Din,0.016506740218504134
Brigades of Iman Hassan-al-Basri,Holders of the Black Banners,0.014712805935280234
Brigades of Iman Hassan-al-Basri,Mujahedeen Corps in Iraq,0.01582056978411816
Brigades of Iman Hassan-al-Basri,Supreme Council for Islamic Revolution in Iraq (SCIRI),0.014959529229850523
Brigades of Iman Hassan-al-Basri,Armed Vanguards of a Second Mohammed Army,0.014456540973911195
Brigades of Iman Hassan-al-Basri,Imam Hussein Brigade,0.015078739886247484
Brigades of Iman Hassan-al-Basri,Khalid ibn Walid Brigade,0.01425234033967435
Brigades of Iman Hassan-al-Basri,Badr Brigades,0.016987729284344954
Protectors of Islam Brigade,Protectors of Islam Brigade,0.014629644165355532
Protectors of Islam Brigade,Mujahedeen Group,0.014358274791157422
Protectors of Islam Brigade,Ansar al-Sunna,0.0059892205328527645
Protectors of Islam Brigade,Islamic Jihad Brigades,0.016513549549222413
Protectors of Islam Brigade,Islamic Movement of Iraqi Mujahidin,0.014998010922301845
Protectors of Islam Brigade,Mahdi Army,0.012672544534201318
Protectors of Islam Brigade,1920 Revolution Brigades,0.015460922055552027
Protectors of Islam Brigade,Omar Bin Khattab Group,0.015978424464641906
Protectors of Islam Brigade,Mujahedeen Brigades,0.015869988398056572
Protectors of Islam Brigade,Mujahedeen Shura Council,0.016378994174709862
Protectors of Islam Brigade,Junaid Jihadist Battalion,0.016287383931503953
Protectors of Islam Brigade,Jaish al-Ta'ifa al-Mansura,0.014735894424009919
Protectors of Islam Brigade,Mujahedeen Army,0.0142455074715215
Protectors of Islam Brigade,Islamic Army in Iraq (al-Jaish al-Islami fi al-Iraq),0.011519832433491842
Protectors of Islam Brigade,Ansar al-Din,0.015285187388303019
Protectors of Islam Brigade,Holders of the Black Banners,0.01298612220713597
Protectors of Islam Brigade,Mujahedeen Corps in Iraq,0.013986552486757243
Protectors of Islam Brigade,Supreme Council for Islamic Revolution in Iraq (SCIRI),0.013897075061177131
Protectors of Islam Brigade,Armed Vanguards of a Second Mohammed Army,0.01544570146413208
Protectors of Islam Brigade,Imam Hussein Brigade,0.013575077130308184
Protectors of Islam Brigade,Khalid ibn Walid Brigade,0.015307728757202136
Protectors of Islam Brigade,Badr Brigades,0.01463069447161552
Mujahedeen Group,Mujahedeen Group,0.016633937654898266
Mujahedeen Group,Ansar al-Sunna,0.0056628364809862075
Mujahedeen Group,Islamic Jihad Brigades,0.01506291370469358
Mujahedeen Group,Islamic Movement of Iraqi Mujahidin,0.012956684446310129
Mujahedeen Group,Mahdi Army,0.017425214152291812
Mujahedeen Group,1920 Revolution Brigades,0.018360054939751003
Mujahedeen Group,Omar Bin Khattab Group,0.017136297249371796
Mujahedeen Group,Mujahedeen Brigades,0.014338497427964884
Mujahedeen Group,Mujahedeen Shura Council,0.016294304879421486
Mujahedeen Group,Junaid Jihadist Battalion,0.01879498274817435
Mujahedeen Group,Jaish al-Ta'ifa al-Mansura,0.01407830447849661
Mujahedeen Group,Mujahedeen Army,0.01673272453848516
Mujahedeen Group,Islamic Army in Iraq (al-Jaish al-Islami fi al-Iraq),0.013616526238267923
Mujahedeen Group,Ansar al-Din,0.016408365450894035
Mujahedeen Group,Holders of the Black Banners,0.017626283625703246
Mujahedeen Group,Mujahedeen Corps in Iraq,0.01571736966372279
Mujahedeen Group,Supreme Council for Islamic Revolution in Iraq (SCIRI),0.02199984429326597
Mujahedeen Group,Armed Vanguards of a Second Mohammed Army,0.01867950330775548
Mujahedeen Group,Imam Hussein Brigade,0.01828499919327147
Mujahedeen Group,Khalid ibn Walid Brigade,0.015176409452480968
Mujahedeen Group,Badr Brigades,0.017144247927315115
Ansar al-Sunna,Ansar al-Sunna,0.0045672937613321475
Ansar al-Sunna,Islamic Jihad Brigades,0.008722171778886238
Ansar al-Sunna,Islamic Movement of Iraqi Mujahidin,0.004738177046195624
Ansar al-Sunna,Mahdi Army,0.004322435990320818
Ansar al-Sunna,1920 Revolution Brigades,0.0042179778532862415
Ansar al-Sunna,Omar Bin Khattab Group,0.007025487889026997
Ansar al-Sunna,Mujahedeen Brigades,0.004392956089834717
Ansar al-Sunna,Mujahedeen Shura Council,0.005969742071656291
Ansar al-Sunna,Junaid Jihadist Battalion,0.008933939236136812
Ansar al-Sunna,Jaish al-Ta'ifa al-Mansura,0.008413939440470449
Ansar al-Sunna,Mujahedeen Army,0.014126623602327047
Ansar al-Sunna,Islamic Army in Iraq (al-Jaish al-Islami fi al-Iraq),0.008397337558886012
Ansar al-Sunna,Ansar al-Din,0.018292699253988746
Ansar al-Sunna,Holders of the Black Banners,0.00645994814396393
Ansar al-Sunna,Mujahedeen Corps in Iraq,0.016470608548549762
Ansar al-Sunna,Supreme Council for Islamic Revolution in Iraq (SCIRI),0.00780356208613912
Ansar al-Sunna,Armed Vanguards of a Second Mohammed Army,0.0037611202140201676
Ansar al-Sunna,Imam Hussein Brigade,0.004898458025794861
Ansar al-Sunna,Khalid ibn Walid Brigade,0.00867212153050379
Ansar al-Sunna,Badr Brigades,0.008487317624080741
Islamic Jihad Brigades,Islamic Jihad Brigades,0.0150078587390677
Islamic Jihad Brigades,Islamic Movement of Iraqi Mujahidin,0.016592757805887558
Islamic Jihad Brigades,Mahdi Army,0.016257410505141505
Islamic Jihad Brigades,1920 Revolution Brigades,0.01677256480830625
Islamic Jihad Brigades,Omar Bin Khattab Group,0.014774296798423847
Islamic Jihad Brigades,Mujahedeen Brigades,0.01307258694423704
Islamic Jihad Brigades,Mujahedeen Shura Council,0.016495124718451326
Islamic Jihad Brigades,Junaid Jihadist Battalion,0.01572820933547685
Islamic Jihad Brigades,Jaish al-Ta'ifa al-Mansura,0.019654017064111923
Islamic Jihad Brigades,Mujahedeen Army,0.01785507680898327
Islamic Jihad Brigades,Islamic Army in Iraq (al-Jaish al-Islami fi al-Iraq),0.014955128799761694
Islamic Jihad Brigades,Ansar al-Din,0.015465704215941694
Islamic Jihad Brigades,Holders of the Black Banners,0.01858727960738566
Islamic Jihad Brigades,Mujahedeen Corps in Iraq,0.017893282431588397
Islamic Jihad Brigades,Supreme Council for Islamic Revolution in Iraq (SCIRI),0.015457568878379267
Islamic Jihad Brigades,Armed Vanguards of a Second Mohammed Army,0.014276094691307077
Islamic Jihad Brigades,Imam Hussein Brigade,0.015351215138548948
Islamic Jihad Brigades,Khalid ibn Walid Brigade,0.01390159618694816
Islamic Jihad Brigades,Badr Brigades,0.015717753668435742
Islamic Movement of Iraqi Mujahidin,Islamic Movement of Iraqi Mujahidin,0.014849455848401142
Islamic Movement of Iraqi Mujahidin,Mahdi Army,0.015281254284628537
Islamic Movement of Iraqi Mujahidin,1920 Revolution Brigades,0.013598246070278777
Islamic Movement of Iraqi Mujahidin,Omar Bin Khattab Group,0.015272626198833779
Islamic Movement of Iraqi Mujahidin,Mujahedeen Brigades,0.015349873844935016
Islamic Movement of Iraqi Mujahidin,Mujahedeen Shura Council,0.014288669314185947
Islamic Movement of Iraqi Mujahidin,Junaid Jihadist Battalion,0.016566715148289196
Islamic Movement of Iraqi Mujahidin,Jaish al-Ta'ifa al-Mansura,0.01583419023742391
Islamic Movement of Iraqi Mujahidin,Mujahedeen Army,0.016264747580111878
Islamic Movement of Iraqi Mujahidin,Islamic Army in Iraq (al-Jaish al-Islami fi al-Iraq),0.009467872108550037
Islamic Movement of Iraqi Mujahidin,Ansar al-Din,0.013681945276127323
Islamic Movement of Iraqi Mujahidin,Holders of the Black Banners,0.014439362635264472
Islamic Movement of Iraqi Mujahidin,Mujahedeen Corps in Iraq,0.016622387013911763
Islamic Movement of Iraqi Mujahidin,Supreme Council for Islamic Revolution in Iraq (SCIRI),0.016973912962113206
Islamic Movement of Iraqi Mujahidin,Armed Vanguards of a Second Mohammed Army,0.012898053011286404
Islamic Movement of Iraqi Mujahidin,Imam Hussein Brigade,0.0157875183590804
Islamic Movement of Iraqi Mujahidin,Khalid ibn Walid Brigade,0.01722578574045546
Islamic Movement of Iraqi Mujahidin,Badr Brigades,0.016980731056910153
Mahdi Army,Mahdi Army,0.01663947255176287
Mahdi Army,1920 Revolution Brigades,0.013547896153409343
Mahdi Army,Omar Bin Khattab Group,0.017214460612212105
Mahdi Army,Mujahedeen Brigades,0.013528156531375684
Mahdi Army,Mujahedeen Shura Council,0.01360205982637832
Mahdi Army,Junaid Jihadist Battalion,0.02390291969960671
Mahdi Army,Jaish al-Ta'ifa al-Mansura,0.01583790250935772
Mahdi Army,Mujahedeen Army,0.01563922852401591
Mahdi Army,Islamic Army in Iraq (al-Jaish al-Islami fi al-Iraq),0.010821786992289705
Mahdi Army,Ansar al-Din,0.016736727845047237
Mahdi Army,Holders of the Black Banners,0.017999995860951676
Mahdi Army,Mujahedeen Corps in Iraq,0.01669691147350639
Mahdi Army,Supreme Council for Islamic Revolution in Iraq (SCIRI),0.0198049509439659
Mahdi Army,Armed Vanguards of a Second Mohammed Army,0.015361322821271197
Mahdi Army,Imam Hussein Brigade,0.016246911303309866
Mahdi Army,Khalid ibn Walid Brigade,0.014514436400246356
Mahdi Army,Badr Brigades,0.017667369461557725
1920 Revolution Brigades,1920 Revolution Brigades,0.01411668183040111
1920 Revolution Brigades,Omar Bin Khattab Group,0.01480621316336789
1920 Revolution Brigades,Mujahedeen Brigades,0.015318131201986749
1920 Revolution Brigades,Mujahedeen Shura Council,0.017274339098108018
1920 Revolution Brigades,Junaid Jihadist Battalion,0.01840622197833229
1920 Revolution Brigades,Jaish al-Ta'ifa al-Mansura,0.019388818046733102
1920 Revolution Brigades,Mujahedeen Army,0.01402623745570885
1920 Revolution Brigades,Islamic Army in Iraq (al-Jaish al-Islami fi al-Iraq),0.008547810032700547
1920 Revolution Brigades,Ansar al-Din,0.01557957184811673
1920 Revolution Brigades,Holders of the Black Banners,0.014255272569706288
1920 Revolution Brigades,Mujahedeen Corps in Iraq,0.017967627723783883
1920 Revolution Brigades,Supreme Council for Islamic Revolution in Iraq (SCIRI),0.015860135796858722
1920 Revolution Brigades,Armed Vanguards of a Second Mohammed Army,0.012255338791313998
1920 Revolution Brigades,Imam Hussein Brigade,0.01294870070426734
1920 Revolution Brigades,Khalid ibn Walid Brigade,0.016343176905148093
1920 Revolution Brigades,Badr Brigades,0.017049034988001727
Omar Bin Khattab Group,Omar Bin Khattab Group,0.015387314887957585
Omar Bin Khattab Group,Mujahedeen Brigades,0.018667734212053685
Omar Bin Khattab Group,Mujahedeen Shura Council,0.013972967292953406
Omar Bin Khattab Group,Junaid Jihadist Battalion,0.016220070096605577
Omar Bin Khattab Group,Jaish al-Ta'ifa al-Mansura,0.013561212556952841
Omar Bin Khattab Group,Mujahedeen Army,0.01680158634357458
Omar Bin Khattab Group,Islamic Army in Iraq (al-Jaish al-Islami fi al-Iraq),0.012532749371939959
Omar Bin Khattab Group,Ansar al-Din,0.01798423202977532
Omar Bin Khattab Group,Holders of the Black Banners,0.015270252992215226
Omar Bin Khattab Group,Mujahedeen Corps in Iraq,0.016655573236065993
Omar Bin Khattab Group,Supreme Council for Islamic Revolution in Iraq (SCIRI),0.014573544475899267
Omar Bin Khattab Group,Armed Vanguards of a Second Mohammed Army,0.02050202494550383
Omar Bin Khattab Group,Imam Hussein Brigade,0.013522472674588509
Omar Bin Khattab Group,Khalid ibn Walid Brigade,0.018960136832679615
Omar Bin Khattab Group,Badr Brigades,0.014593567716695103
Mujahedeen Brigades,Mujahedeen Brigades,0.018286178975630365
Mujahedeen Brigades,Mujahedeen Shura Council,0.015384124281132292
Mujahedeen Brigades,Junaid Jihadist Battalion,0.01731952823842686
Mujahedeen Brigades,Jaish al-Ta'ifa al-Mansura,0.012025397822804984
Mujahedeen Brigades,Mujahedeen Army,0.015874780061931736
Mujahedeen Brigades,Islamic Army in Iraq (al-Jaish al-Islami fi al-Iraq),0.01036784868432321
Mujahedeen Brigades,Ansar al-Din,0.014818407712367816
Mujahedeen Brigades,Holders of the Black Banners,0.01539592687548553
Mujahedeen Brigades,Mujahedeen Corps in Iraq,0.016120283006500827
Mujahedeen Brigades,Supreme Council for Islamic Revolution in Iraq (SCIRI),0.017145681840142896
Mujahedeen Brigades,Armed Vanguards of a Second Mohammed Army,0.022508795371331974
Mujahedeen Brigades,Imam Hussein Brigade,0.011212899002801258
Mujahedeen Brigades,Khalid ibn Walid Brigade,0.01644507505181317
Mujahedeen Brigades,Badr Brigades,0.012883442067712553
Mujahedeen Shura Council,Mujahedeen Shura Council,0.014067014108546327
Mujahedeen Shura Council,Junaid Jihadist Battalion,0.016016854320228088
Mujahedeen Shura Council,Jaish al-Ta'ifa al-Mansura,0.013455149114663431
Mujahedeen Shura Council,Mujahedeen Army,0.01621335087615016
Mujahedeen Shura Council,Islamic Army in Iraq (al-Jaish al-Islami fi al-Iraq),0.011775930477235646
Mujahedeen Shura Council,Ansar al-Din,0.01615350541390934
Mujahedeen Shura Council,Holders of the Black Banners,0.015244055775200663
Mujahedeen Shura Council,Mujahedeen Corps in Iraq,0.019069545538807374
Mujahedeen Shura Council,Supreme Council for Islamic Revolution in Iraq (SCIRI),0.014329278517897627
Mujahedeen Shura Council,Armed Vanguards of a Second Mohammed Army,0.015389590902495512
Mujahedeen Shura Council,Imam Hussein Brigade,0.013258325629288038
Mujahedeen Shura Council,Khalid ibn Walid Brigade,0.01627758855669909
Mujahedeen Shura Council,Badr Brigades,0.013283504175144399
Junaid Jihadist Battalion,Junaid Jihadist Battalion,0.016106110281993682
Junaid Jihadist Battalion,Jaish al-Ta'ifa al-Mansura,0.013565824074024645
Junaid Jihadist Battalion,Mujahedeen Army,0.015080350617040125
Junaid Jihadist Battalion,Islamic Army in Iraq (al-Jaish al-Islami fi al-Iraq),0.018207723948574128
Junaid Jihadist Battalion,Ansar al-Din,0.019119616462485136
Junaid Jihadist Battalion,Holders of the Black Banners,0.01895385071612465
Junaid Jihadist Battalion,Mujahedeen Corps in Iraq,0.019173694043541033
Junaid Jihadist Battalion,Supreme Council for Islamic Revolution in Iraq (SCIRI),0.016603506613530397
Junaid Jihadist Battalion,Armed Vanguards of a Second Mohammed Army,0.01782666782212781
Junaid Jihadist Battalion,Imam Hussein Brigade,0.01617043971268891
Junaid Jihadist Battalion,Khalid ibn Walid Brigade,0.01677407683762209
Junaid Jihadist Battalion,Badr Brigades,0.015247944037422708
Jaish al-Ta'ifa al-Mansura,Jaish al-Ta'ifa al-Mansura,0.015232375652734597
Jaish al-Ta'ifa al-Mansura,Mujahedeen Army,0.019225111047533917
Jaish al-Ta'ifa al-Mansura,Islamic Army in Iraq (al-Jaish al-Islami fi al-Iraq),0.012567174716525636
Jaish al-Ta'ifa al-Mansura,Ansar al-Din,0.014877250482237845
Jaish al-Ta'ifa al-Mansura,Holders of the Black Banners,0.017604418096665686
Jaish al-Ta'ifa al-Mansura,Mujahedeen Corps in Iraq,0.01691993958568807
Jaish al-Ta'ifa al-Mansura,Supreme Council for Islamic Revolution in Iraq (SCIRI),0.018369385318586735
Jaish al-Ta'ifa al-Mansura,Armed Vanguards of a Second Mohammed Army,0.01630518252485747
Jaish al-Ta'ifa al-Mansura,Imam Hussein Brigade,0.01764529788276376
Jaish al-Ta'ifa al-Mansura,Khalid ibn Walid Brigade,0.015621937492430757
Jaish al-Ta'ifa al-Mansura,Badr Brigades,0.016359629542171194
Mujahedeen Army,Mujahedeen Army,0.016611757867837335
Mujahedeen Army,Islamic Army in Iraq (al-Jaish al-Islami fi al-Iraq),0.021848084051150574
Mujahedeen Army,Ansar al-Din,0.02062845928758865
Mujahedeen Army,Holders of the Black Banners,0.016918441659113607
Mujahedeen Army,Mujahedeen Corps in Iraq,0.018171314316705565
Mujahedeen Army,Supreme Council for Islamic Revolution in Iraq (SCIRI),0.015245598856067423
Mujahedeen Army,Armed Vanguards of a Second Mohammed Army,0.015285651062171828
Mujahedeen Army,Imam Hussein Brigade,0.015804935951831904
Mujahedeen Army,Khalid ibn Walid Brigade,0.019014166091182796
Mujahedeen Army,Badr Brigades,0.016143709150700743
Islamic Army in Iraq (al-Jaish al-Islami fi al-Iraq),Islamic Army in Iraq (al-Jaish al-Islami fi al-Iraq),0.014651833059703141
Islamic Army in Iraq (al-Jaish al-Islami fi al-Iraq),Ansar al-Din,0.014937423370191423
Islamic Army in Iraq (al-Jaish al-Islami fi al-Iraq),Holders of the Black Banners,0.013946592936763983
Islamic Army in Iraq (al-Jaish al-Islami fi al-Iraq),Mujahedeen Corps in Iraq,0.01852974969485055
Islamic Army in Iraq (al-Jaish al-Islami fi al-Iraq),Supreme Council for Islamic Revolution in Iraq (SCIRI),0.014557563585098366
Islamic Army in Iraq (al-Jaish al-Islami fi al-Iraq),Armed Vanguards of a Second Mohammed Army,0.011009427090373546
Islamic Army in Iraq (al-Jaish al-Islami fi al-Iraq),Imam Hussein Brigade,0.014563293924890336
Islamic Army in Iraq (al-Jaish al-Islami fi al-Iraq),Khalid ibn Walid Brigade,0.01659726527155928
Islamic Army in Iraq (al-Jaish al-Islami fi al-Iraq),Badr Brigades,0.014780561915091195
Ansar al-Din,Ansar al-Din,0.015713575019031256
Ansar al-Din,Holders of the Black Banners,0.018364114447780015
Ansar al-Din,Mujahedeen Corps in Iraq,0.02050183788864708
Ansar al-Din,Supreme Council for Islamic Revolution in Iraq (SCIRI),0.019007438599583246
Ansar al-Din,Armed Vanguards of a Second Mohammed Army,0.015848291858651373
Ansar al-Din,Imam Hussein Brigade,0.017069002676057727
Ansar al-Din,Khalid ibn Walid Brigade,0.016827782186685566
Ansar al-Din,Badr Brigades,0.01895471971712845
Holders of the Black Banners,Holders of the Black Banners,0.016239411519988915
Holders of the Black Banners,Mujahedeen Corps in Iraq,0.015830107633215622
Holders of the Black Banners,Supreme Council for Islamic Revolution in Iraq (SCIRI),0.021707624774635493
Holders of the Black Banners,Armed Vanguards of a Second Mohammed Army,0.01970414036410793
Holders of the Black Banners,Imam Hussein Brigade,0.017441193323189344
Holders of the Black Banners,Khalid ibn Walid Brigade,0.013316828994122308
Holders of the Black Banners,Badr Brigades,0.015290912794614114
Mujahedeen Corps in Iraq,Mujahedeen Corps in Iraq,0.015475280967331214
Mujahedeen Corps in Iraq,Supreme Council for Islamic Revolution in Iraq (SCIRI),0.021070352122246467
Mujahedeen Corps in Iraq,Armed Vanguards of a Second Mohammed Army,0.01870477383250343
Mujahedeen Corps in Iraq,Imam Hussein Brigade,0.01710415642350584
Mujahedeen Corps in Iraq,Khalid ibn Walid Brigade,0.015917516704789154
Mujahedeen Corps in Iraq,Badr Brigades,0.016572519556896245
Supreme Council for Islamic Revolution in Iraq (SCIRI),Supreme Council for Islamic Revolution in Iraq (SCIRI),0.015112409275016019
Supreme Council for Islamic Revolution in Iraq (SCIRI),Armed Vanguards of a Second Mohammed Army,0.017745573337283122
Supreme Council for Islamic Revolution in Iraq (SCIRI),Imam Hussein Brigade,0.011289788941221481
Supreme Council for Islamic Revolution in Iraq (SCIRI),Khalid ibn Walid Brigade,0.023018081926497982
Supreme Council for Islamic Revolution in Iraq (SCIRI),Badr Brigades,0.012374068070018639
Armed Vanguards of a Second Mohammed Army,Armed Vanguards of a Second Mohammed Army,0.012964643741488958
Armed Vanguards of a Second Mohammed Army,Imam Hussein Brigade,0.018956227091071996
Armed Vanguards of a Second Mohammed Army,Khalid ibn Walid Brigade,0.015193910622229325
Armed Vanguards of a Second Mohammed Army,Badr Brigades,0.018380587685595712
Imam Hussein Brigade,Imam Hussein Brigade,0.013497799727765472
Imam Hussein Brigade,Khalid ibn Walid Brigade,0.02109803070607804
Imam Hussein Brigade,Badr Brigades,0.013412516678171293
Khalid ibn Walid Brigade,Khalid ibn Walid Brigade,0.016980093465253213
Khalid ibn Walid Brigade,Badr Brigades,0.016612271727601532
Badr Brigades,Badr Brigades,0.014202443198435602
